party,mse
Conservative,0.004193996393754621
Green,7.764956561957663e-4
Liberal,0.0043868958692549085
NDP,0.002720597371251176
People's,7.764956561957663e-4
